     150,   0.091253,   0.038882,   0.905756
     166,   0.091131,   0.040469,   0.910273
     193,   0.091131,   0.041934,   0.911982
     208,   0.091131,   0.043887,   0.913325
     224,   0.090765,   0.045108,   0.916377
     240,   0.090154,   0.043521,   0.921016
     255,   0.089544,   0.045352,   0.921504
     271,   0.086858,   0.048770,   0.924434
     293,   0.070622,   0.070866,   0.931026
     309,   0.030947,   0.084173,   0.928951
     324,   0.009339,   0.094427,   0.933468
     340,  -0.021181,   0.096014,   0.946286
     355,  -0.007264,   0.021669,   0.995971
     371,   0.011903,  -0.008240,   1.194348
     393,   0.059025,  -0.083684,   1.237930
     409,   0.159128,   0.015199,   1.189587
     425,   0.169505,   0.027895,   1.152719
     440,   0.203321,   0.104437,   1.068730
     456,   0.186596,   0.131417,   1.057621
     471,   0.149850,   0.143991,   0.978148
     494,   0.078069,   0.150827,   0.931514
     509,  -0.048038,  -0.031801,   0.736922
     525,  -0.046328,  -0.077703,   0.774767
     540,  -0.011170,  -0.035952,   0.934811
     556,   0.061344,   0.135812,   0.954221
     572,   0.070988,   0.183178,   0.906977
     594,   0.052554,   0.184765,   0.922481
     609,   0.022890,   0.190991,   0.904291
     625,   0.019349,   0.207593,   0.925166
     640,   0.004578,   0.174754,   0.998657
     656,  -0.006897,   0.128121,   1.050906
     672,  -0.010926,   0.113349,   0.964964
     694,  -0.002380,   0.209913,   0.988647
     710,   0.003113,   0.189037,   1.030031
     725,   0.009217,   0.090887,   1.054325
     741,   0.008851,   0.122627,   0.974486
     756,  -0.000794,   0.153269,   0.941281
     772,  -0.001770,   0.151682,   0.941769
     795,  -0.003968,   0.147897,   0.959104
     810,  -0.001526,   0.139230,   0.996948
     826,  -0.001892,   0.147653,   0.999512
     842,  -0.005066,   0.143625,   0.976317
     857,  -0.008118,   0.150461,   0.986938
     873,  -0.003968,   0.143502,   1.020753
     895,  -0.007386,   0.156687,   1.010621
     911,  -0.024965,   0.176463,   0.924556
     926,  -0.026430,   0.190747,   0.924190
     942,  -0.016297,   0.086126,   1.015626
     957,  -0.005921,   0.123848,   1.008667
     973,  -0.005188,   0.102851,   1.045779
     995,  -0.010316,   0.119819,   1.010010
    1011,  -0.016786,   0.110908,   0.962766
    1027,  -0.023134,   0.091253,   0.917598
    1042,  -0.026796,   0.158152,   0.839102
    1053,  -0.024965,   0.138619,   0.920649
    1063,  -0.019227,   0.154245,   0.965086
    1074,  -0.013123,  -0.025453,   1.098395
    1084,  -0.008484,   0.016541,   1.029176
    1102,  -0.000061,   0.078191,   1.026979
    1118,  -0.001892,   0.136422,   1.044925
    1133,  -0.001770,   0.151315,   1.046145
    1149,  -0.003235,   0.154856,   1.018190
    1165,  -0.005555,   0.210523,   0.983764
    1180,  -0.011536,   0.150827,   0.967649
    1196,  -0.031801,   0.127754,   1.060306
    1212,  -0.052677,   0.112983,   0.983520
    1227,  -0.087591,   0.095526,   0.829335
    1243,  -0.069035,   0.086614,   0.908442
    1258,  -0.042056,   0.107001,   1.003296
    1274,   0.001648,   0.093695,   1.021730
    1296,   0.019227,   0.088934,   0.979125
    1312,   0.024843,   0.110908,   0.990234
    1327,  -0.001038,   0.097723,   0.993652
    1343,  -0.008362,   0.093451,   1.080205
    1358,  -0.007752,   0.120674,   1.083379
    1374,  -0.006165,   0.095892,   1.095465
    1396,  -0.003113,   0.106879,   1.013917
    1412,  -0.001648,   0.119575,   1.014283
    1427,   0.014588,   0.098334,   0.937740
    1443,   0.016664,   0.095282,   0.959104
    1458,   0.015565,   0.085882,   0.950192
    1474,   0.014222,   0.100653,   0.922481
    1496,   0.009705,   0.109076,   0.866081
    1512,   0.000427,   0.126289,   0.863517
    1527,  -0.002991,   0.122627,   0.868400
    1543,  -0.017152,   0.136056,   1.038210
    1558,  -0.013734,   0.082464,   1.083257
    1574,  -0.000427,   0.088689,   0.941891
    1596,   0.005799,   0.124825,   0.974364
    1612,   0.006531,   0.104560,   0.972777
    1627,   0.008729,   0.109565,   0.990478
    1643,   0.006531,   0.101141,   1.003906
    1658,   0.001038,   0.091253,   0.986938
    1674,  -0.003235,   0.078679,   0.982909
    1696,  -0.005677,   0.085515,   0.989257
    1712,  -0.007508,   0.098334,   0.978514
    1727,  -0.009095,   0.133736,   0.979491
    1743,  -0.011536,   0.136544,   0.993408
    1758,  -0.015199,   0.120552,   0.994140
    1774,  -0.016786,   0.113471,   0.988403
    1796,  -0.017396,   0.108466,   0.994751
    1812,  -0.009583,   0.117622,   1.037966
    1827,  -0.009095,   0.111884,   1.027834
    1843,  -0.011781,   0.114570,   1.016603
    1858,  -0.016542,   0.111396,   1.007691
    1874,  -0.021791,   0.116401,   0.934322
    1896,  -0.019716,   0.067204,   0.931026
    1912,  -0.015931,   0.074040,   0.915156
    1927,  -0.013245,   0.094793,   0.911860
    1943,  -0.012879,   0.072819,   0.960569
    1958,  -0.007752,   0.071965,   0.929683
    1974,  -0.004456,   0.074895,   0.940670
    1996,  -0.000305,   0.116645,   0.940304
    2012,   0.002747,   0.092108,   0.963133
    2027,   0.017884,   0.071232,   1.077886
    2043,   0.018495,   0.079900,   1.094122
    2058,   0.020326,   0.048404,   1.131600
    2074,   0.014832,   0.072819,   1.037966
    2096,   0.004334,   0.098089,   0.983153
    2112,  -0.000427,   0.098212,   1.002808
    2127,  -0.003357,   0.109809,   1.010010
    2143,  -0.003723,   0.096869,   0.980223
    2158,  -0.002258,   0.082097,   0.986327
    2174,  -0.002380,   0.087469,   0.990600
    2196,  -0.002991,   0.093451,   0.994629
    2212,  -0.004212,   0.092718,   0.995605
    2227,  -0.005555,   0.097113,   0.992187
    2243,  -0.006897,   0.099188,   0.994018
    2258,  -0.007264,   0.095404,   0.992187
    2274,  -0.007630,   0.097967,   0.981688
    2296,  -0.006287,   0.104804,   0.998779
    2312,  -0.008484,   0.097235,   1.092413
    2327,  -0.012391,   0.088445,   1.106330
    2343,  -0.012635,   0.077214,   1.120125
    2358,  -0.010682,   0.110664,   1.048831
    2374,  -0.006775,   0.125313,   0.948239
    2396,  -0.003479,   0.069157,   0.885613
    2412,  -0.001038,   0.066593,   0.880364
    2427,   0.000061,   0.095648,   0.903070
    2443,   0.002869,   0.092230,   0.888909
    2458,   0.003968,   0.107367,   0.842031
    2474,   0.007874,   0.120796,   0.813099
    2496,   0.011048,   0.091741,   0.801379
    2512,   0.005066,   0.123970,   1.009156
    2527,  -0.004212,   0.110053,   1.068608
    2543,  -0.011536,   0.193676,   1.172984
    2558,  -0.011536,   0.026552,   1.000000
    2574,  -0.004822,   0.087835,   0.977660
    2596,  -0.005066,   0.089056,   0.974120
    2612,  -0.000183,   0.088689,   1.008179
    2627,   0.002380,   0.075017,   0.995239
    2643,   0.000305,   0.074895,   0.983764
    2659,  -0.000671,   0.091253,   0.973387
    2674,   0.000305,   0.089422,   0.982543
    2696,   0.000427,   0.091253,   0.986205
    2712,   0.002014,   0.102606,   0.994995
    2727,   0.003113,   0.113471,   0.988647
    2743,   0.003235,   0.120430,   0.979979
    2758,   0.002503,   0.123237,   0.984374
    2774,   0.001038,   0.111030,   0.997436
    2796,   0.000793,   0.112861,   0.994873
    2812,  -0.001160,   0.109443,   0.988403
    2827,  -0.002380,   0.107856,   1.000244
    2843,  -0.005188,   0.108344,   0.998779
    2858,  -0.006409,   0.105292,   1.007691
    2874,  -0.004456,   0.113471,   1.039431
    2896,  -0.006897,   0.130440,   1.054935
    2912,  -0.011414,   0.169749,   0.967649
    2927,  -0.011414,   0.100531,   0.946042
    2943,  -0.003235,   0.122017,   0.991455
    2958,  -0.002380,   0.070134,   0.955930
    2974,  -0.000427,   0.095038,   0.874016
    2996,   0.000916,   0.077214,   0.935543
    3012,   0.004578,   0.054508,   0.899286
    3027,   0.008362,   0.053775,   0.900995
    3043,   0.015565,   0.044864,   0.984618
    3058,   0.018373,   0.074895,   1.051151
    3074,   0.018983,   0.096380,   1.083013
    3096,   0.005799,   0.098089,   1.037722
    3112,  -0.007386,   0.123970,   1.034182
    3127,  -0.007630,   0.121040,   1.008667
    3143,  -0.006897,   0.124825,   0.988525
    3158,  -0.006165,   0.119087,   0.983520
    3174,  -0.005799,   0.113105,   0.966673
    3196,  -0.005677,   0.112861,   0.967894
    3212,  -0.005066,   0.109321,   0.975096
    3227,  -0.004456,   0.101019,   0.969603
    3243,  -0.003723,   0.092840,   0.975218
    3258,  -0.002747,   0.098944,   0.962888
    3274,  -0.003113,   0.097967,   0.965452
    3296,  -0.004578,   0.117500,   0.987792
    3312,  -0.008851,   0.120186,   1.036745
    3327,  -0.009827,   0.130074,   1.053714
    3343,  -0.013490,   0.142526,   1.092535
    3358,  -0.019471,   0.083196,   1.130867
    3374,  -0.019105,   0.137521,   1.061893
    3396,  -0.021303,   0.104193,   1.116096
    3412,  -0.014588,   0.101630,   0.911127
    3427,  -0.004700,   0.087469,   0.843374
    3443,   0.010926,   0.078191,   0.843863
    3458,   0.018006,   0.046084,   0.794543
    3474,   0.024965,   0.032167,   0.789782
    3496,   0.028017,   0.060123,   0.933468
    3512,   0.023378,   0.160715,   1.055545
    3527,   0.015931,   0.089056,   1.104132
    3543,   0.008484,   0.061344,   1.131478
    3558,  -0.004090,   0.110664,   1.068730
    3574,  -0.018129,   0.203076,   0.982665
    3596,  -0.018495,   0.185741,   0.968748
    3612,  -0.010193,   0.180492,   0.961790
    3627,  -0.003235,   0.174022,   0.986938
    3643,  -0.001770,   0.156687,   0.984374
    3658,  -0.004456,   0.142160,   0.975829
    3674,  -0.006287,   0.115913,   0.995605
    3696,  -0.011170,   0.120552,   1.015992
    3712,  -0.025575,   0.121406,   0.991943
    3728,  -0.027284,   0.102606,   1.001587
    3743,  -0.024477,   0.096014,   1.019410
    3759,  -0.020692,   0.088934,   1.001587
    3775,  -0.019227,   0.079900,   0.985106
    3797,  -0.019349,   0.073308,   0.972044
    3812,  -0.021913,   0.086492,   0.970701
    3828,  -0.023256,   0.084783,   0.982421
    3844,  -0.027773,   0.096869,   1.044436
    3859,  -0.036196,   0.111884,   1.043948
    3875,  -0.041568,   0.170482,   0.974364
    3897,  -0.034365,  -0.000183,   1.008057
    3912,  -0.022523,   0.063175,   0.987548
    3928,  -0.016419,   0.054630,   0.931392
    3944,  -0.009705,   0.033632,   0.915766
    3959,  -0.009461,   0.032412,   0.919795
    3975,  -0.009095,   0.037539,   0.918818
    3997,  -0.008484,   0.038638,   0.919551
    4013,  -0.005066,   0.015565,   0.926387
    4028,   0.001526,   0.045962,   0.923335
    4044,   0.007752,   0.033877,   0.994873
    4059,   0.007630,   0.054019,   1.020143
    4075,   0.005921,  -0.037173,   1.163218
    4097,  -0.015565,   0.090032,   0.987792
    4113,  -0.015199,   0.058170,   0.983642
    4129,  -0.011781,   0.055851,   0.979735
    4144,  -0.009827,   0.053043,   0.976927
    4160,  -0.009705,   0.050967,   0.971922
    4175,  -0.010193,   0.045230,   0.981078
    4198,  -0.009827,   0.050601,   0.988769
    4213,  -0.012635,   0.047671,   0.980956
    4229,  -0.009949,   0.052921,   1.002930
    4245,  -0.006531,   0.053897,   1.001953
    4260,  -0.004334,   0.059025,   0.995483
    4276,  -0.002503,   0.055729,   1.000854
    4298,  -0.003357,   0.053043,   0.985839
    4313,  -0.004456,   0.049014,   0.990478
    4329,  -0.004578,   0.051944,   1.039187
    4344,  -0.009095,   0.058048,   1.051761
    4360,  -0.011048,   0.055118,   1.046756
    4376,  -0.012879,   0.037295,   1.059452
    4398,  -0.014222,   0.000916,   1.048831
    4413,  -0.010438,   0.069401,   0.943600
    4429,  -0.000427,   0.072331,   0.890740
    4444,   0.001160,   0.053043,   0.919551
    4460,   0.001648,   0.057071,   0.933468
    4476,   0.002625,   0.067082,   0.916987
    4498,   0.005066,   0.084417,   0.899286
    4513,   0.010193,   0.078191,   0.824330
    4529,   0.008240,   0.065617,   0.919795
    4545,  -0.000549,   0.026674,   0.995849
    4560,  -0.001648,   0.072453,   1.040041
    4576,  -0.004700,   0.063786,   1.060306
    4598,  -0.007508,   0.032045,   1.097784
    4613,  -0.007752,   0.040957,   1.099616
    4629,  -0.010926,   0.015077,   1.054080
    4645,  -0.010071,   0.011781,   1.007813
    4660,  -0.001404,   0.045352,   0.951535
    4676,   0.000427,   0.045962,   0.983031
    4699,   0.002136,   0.048892,   0.994384
    4714,   0.000427,   0.054630,   0.992187
    4730,  -0.000916,   0.059025,   0.986694
    4745,  -0.001038,   0.064152,   0.986938
    4761,   0.000671,   0.065495,   0.986449
    4777,   0.001160,   0.063297,   0.980712
    4799,   0.001770,   0.065006,   0.980223
    4814,   0.000427,   0.057560,   0.988403
    4830,  -0.000794,   0.057438,   0.997803
    4846,  -0.005188,   0.054630,   0.993286
    4861,  -0.005555,   0.050113,   1.014405
    4877,  -0.006043,   0.065128,   1.009400
    4899,  -0.005921,   0.060734,   1.029054
    4915,  -0.009827,   0.057804,   0.962156
    4930,  -0.007264,   0.039858,   0.941769
    4946,  -0.004334,   0.066715,   0.963743
    4962,  -0.002625,   0.059513,   0.951535
    4977,  -0.000305,   0.041079,   0.938107
    4999,  -0.002136,   0.049380,   0.950559
    5015,  -0.004822,   0.044009,   0.948727
    5030,  -0.004944,   0.053531,   0.951291
    5046,  -0.002503,   0.086126,   0.944088
    5062,   0.000671,   0.024721,   0.975707
    5077,   0.005066,   0.036074,   1.014283
    5099,   0.005555,   0.035708,   1.031740
    5115,  -0.001038,   0.047427,   1.042971
    5131,  -0.009461,   0.054264,   0.991210
    5146,  -0.009705,   0.068791,   0.991333
    5162,  -0.008362,   0.060490,   0.984618
    5177,  -0.006775,   0.063053,   0.975584
    5199,  -0.004090,   0.051090,   0.974730
    5215,  -0.001282,   0.051578,   0.984618
    5231,  -0.003479,   0.051334,   0.991699
    5246,  -0.003601,   0.050967,   0.991088
    5262,  -0.005066,   0.053165,   0.988403
    5278,  -0.007264,   0.048282,   0.988036
    5300,  -0.006775,   0.050479,   1.000732
    5315,  -0.005921,   0.054874,   0.996704
    5331,  -0.007264,   0.058903,   1.030397
    5347,  -0.007874,   0.046817,   1.000122
    5362,  -0.004700,   0.053043,   0.999023
    5378,  -0.008240,   0.042544,   1.008179
    5400,  -0.013978,  -0.011536,   1.045657
    5415,  -0.009339,   0.050845,   0.930416
    5431,  -0.005555,   0.062199,   0.918208
    5447,  -0.006287,   0.061466,   0.930294
    5462,  -0.008362,   0.059147,   0.931881
    5478,  -0.009583,   0.063297,   0.912592
    5500,  -0.009583,   0.072697,   0.904535
    5516,  -0.007019,   0.084295,   0.872795
    5531,  -0.001160,   0.075993,   0.857413
    5547,  -0.002625,   0.051090,   0.874626
    5563,  -0.006897,   0.031191,   1.009156
    5578,  -0.007874,   0.021791,   1.016236
    5600,  -0.008851,   0.063786,   1.049075
    5616,  -0.011292,   0.005432,   1.071537
    5631,  -0.009949,   0.021058,   1.068241
    5647,  -0.007752,   0.005066,   1.025759
    5663,   0.000183,   0.023256,   0.979003
    5678,   0.002869,   0.024599,   0.999023
    5700,   0.002625,   0.044864,   0.999146
    5716,   0.003357,   0.051212,   0.982055
    5732,   0.004090,   0.055362,   0.973753
    5748,   0.005310,   0.058903,   0.976073
    5763,   0.005310,   0.052799,   0.973997
    5779,   0.004334,   0.046206,   0.977782
    5801,   0.003479,   0.055606,   0.974242
    5816,   0.000183,   0.041812,   0.984862
    5832,  -0.002380,   0.058780,   0.988158
    5848,  -0.004212,   0.055118,   1.002564
    5863,  -0.005555,   0.052677,   1.015016
    5879,  -0.005799,   0.054874,   1.027345
    5901,  -0.005799,   0.056461,   1.023195
    5916,  -0.007019,   0.041812,   1.050784
    5932,  -0.005066,   0.116645,   0.991821
    5948,  -0.004212,   0.001038,   0.961668
    5963,  -0.001038,   0.059391,   0.946774
    5979,  -0.001282,   0.060612,   0.945065
    6001,   0.000061,   0.046573,   0.927730
    6017,  -0.007019,   0.040713,   0.924190
    6032,  -0.010316,   0.048038,   0.935909
    6048,  -0.009217,   0.035830,   0.964964
    6063,  -0.005432,   0.059269,   0.989990
    6079,   0.006409,   0.039858,   1.003296
    6101,   0.017396,   0.002747,   1.037356
    6117,   0.009949,   0.029726,   1.100592
    6132,  -0.008729,   0.046451,   0.934811
    6148,  -0.011658,   0.064884,   0.977660
    6164,  -0.014710,   0.070378,   0.979735
    6179,  -0.013490,   0.065983,   0.970213
    6201,  -0.011781,   0.052921,   0.981200
    6217,  -0.010438,   0.042544,   0.984252
    6232,  -0.010560,   0.039858,   0.993896
    6248,  -0.011292,   0.030336,   0.996704
    6264,  -0.015077,   0.034731,   1.050540
    6279,  -0.016419,   0.002869,   1.006348
    6302,  -0.014588,   0.042178,   0.960691
    6317,  -0.010560,   0.032045,   0.967161
    6333,  -0.010193,   0.040469,   0.993530
    6348,  -0.009949,   0.037173,   0.988891
    6364,  -0.010071,   0.036440,   0.990966
    6379,  -0.011170,   0.037905,   1.028810
    6402,  -0.012513,   0.032534,   1.042361
    6418,  -0.014466,  -0.013123,   1.063114
    6433,  -0.009339,   0.004944,   1.006958
    6449,  -0.003479,   0.033388,   0.984252
    6464,   0.002747,   0.035952,   0.925411
    6480,   0.001038,   0.047305,   0.900262
    6502,   0.001038,   0.066715,   0.868766
    6518,   0.002625,   0.069523,   0.858878
    6533,   0.002503,   0.065861,   0.859000
    6549,   0.001892,   0.063664,   0.841421
    6564,   0.001160,   0.056705,   0.850577
    6580,  -0.002258,   0.068058,   0.910761
    6602,  -0.013001,   0.031557,   0.973143
    6618,  -0.018983,   0.066838,   1.064213
    6633,  -0.024477,   0.049014,   1.126961
    6649,  -0.008362,   0.064152,   0.950681
    6665,  -0.002869,  -0.052432,   0.962034
    6680,   0.003845,   0.016419,   0.993042
    6702,   0.005555,   0.009583,   1.002930
    6718,   0.003968,   0.000183,   1.009034
    6734,   0.003357,   0.012391,   1.003296
    6749,   0.002503,   0.027773,   0.993164
    6765,   0.002747,   0.029238,   1.001709
    6780,   0.002869,   0.034487,   0.995483
    6803,   0.003601,   0.041934,   0.983520
    6818,   0.002258,   0.036562,   0.973875
    6834,   0.000183,   0.037051,   0.968138
    6850,  -0.001526,   0.035342,   0.970823
    6865,  -0.004090,   0.032778,   0.979613
    6881,  -0.006409,   0.015931,   0.994384
    6903,  -0.007874,   0.029360,   1.008667
    6919,  -0.009461,   0.046206,   1.023317
    6934,  -0.008606,   0.038149,   1.008667
    6950,  -0.005677,   0.038149,   1.005982
    6965,   0.002380,  -0.017640,   0.962644
    6981,   0.003845,   0.031069,   0.963133
    7003,   0.000305,   0.022035,   0.934688
    7019,  -0.002869,   0.023134,   0.943844
    7034,  -0.005677,   0.021913,   0.951535
    7050,  -0.009461,   0.010804,   0.953366
    7065,  -0.012757,   0.002136,   0.942868
    7081,  -0.013123,   0.043277,   0.943112
    7103,  -0.011658,   0.049136,   0.967527
    7119,   0.000671,  -0.005432,   1.034548
    7134,   0.002136,  -0.029238,   1.053836
    7150,  -0.002503,   0.044742,   1.000244
    7166,  -0.003357,   0.052066,   0.991943
    7181,  -0.008973,   0.044742,   0.944332
    7203,  -0.004822,   0.021669,   0.999023
    7219,  -0.003968,   0.035342,   0.989257
    7234,  -0.003113,   0.034243,   0.987182
    7250,  -0.003968,   0.031801,   0.993530
    7266,  -0.004700,   0.026430,   0.994506
    7281,  -0.004334,   0.016908,   0.985229
    7303,  -0.005432,   0.013490,   0.985229
    7319,  -0.005799,   0.013490,   0.989745
    7334,  -0.006043,   0.035952,   0.980956
    7350,  -0.007264,   0.022157,   0.994018
    7366,  -0.006531,   0.019227,   0.993652
    7382,  -0.008851,   0.013001,   1.013428
    7404,  -0.010804,   0.000061,   1.048831
    7419,  -0.018617,  -0.096380,   1.065312
    7435,  -0.014222,   0.038393,   1.063358
    7450,  -0.011048,  -0.022279,   0.926143
    7466,  -0.006409,   0.005555,   0.929439
    7482,  -0.008729,   0.013978,   0.918452
    7504,  -0.008362,   0.016541,   0.887444
    7519,  -0.003357,   0.037173,   0.854728
    7535,  -0.000427,   0.049991,   0.857047
    7550,   0.001892,   0.056339,   0.843008
    7566,   0.005188,   0.057071,   0.848990
    7582,   0.007508,   0.050845,   0.871818
    7604,   0.005310,   0.029238,   0.979491
    7620,   0.000549,   0.049991,   1.039675
    7635,  -0.006043,   0.006409,   1.070561
    7651,  -0.008729,  -0.003601,   1.088629
    7667,  -0.005555,  -0.030825,   0.978514
    7682,   0.001648,   0.003113,   0.964231
    7704,   0.003968,  -0.021791,   0.985106
    7720,   0.001770,   0.002258,   0.998291
    7735,  -0.000549,   0.001038,   0.981200
    7751,  -0.002991,   0.008118,   0.970945
    7767,  -0.003357,   0.031801,   0.974974
    7782,  -0.001892,   0.029726,   0.971068
    7804,  -0.000671,   0.033266,   0.972288
    7820,  -0.000183,   0.034243,   0.981444
    7835,  -0.000061,   0.013245,   1.007203
    7851,  -0.001038,   0.008606,   1.022951
    7867,  -0.001892,   0.036684,   0.980956
    7882,  -0.002014,   0.013490,   1.011231
    7904,  -0.003357,   0.008606,   1.021119
    7920,  -0.000549,   0.007020,   0.957517
    7935,   0.007142,   0.034609,   0.961912
    7951,   0.007386,   0.025575,   0.969725
    7967,   0.004212,   0.023988,   0.967649
    7982,   0.000793,   0.023622,   0.961423
    8004,  -0.004334,   0.020570,   0.958127
    8020,  -0.005799,   0.014588,   0.957273
    8035,  -0.002503,   0.049014,   0.941159
    8051,   0.004700,  -0.011781,   1.010499
    8067,   0.005310,  -0.026796,   1.076054
    8082,  -0.010071,   0.049502,   0.990234
    8104,  -0.013856,   0.034853,   0.963743
    8120,  -0.010804,   0.033144,   1.002686
    8135,  -0.008851,   0.025697,   0.987548
    8151,  -0.003357,   0.011048,   0.986083
    8167,   0.001038,   0.010926,   0.995727
    8183,   0.003357,   0.007508,   0.992431
    8204,   0.004944,   0.006531,   0.992797
    8220,   0.001404,   0.010438,   0.990844
    8236,  -0.002625,   0.019593,   0.981810
    8251,  -0.003845,   0.013001,   0.981688
    8267,  -0.004700,   0.032900,   0.991943
    8283,  -0.007752,   0.005310,   1.002320
    8305,  -0.007019,   0.028017,   1.010987
    8320,  -0.006043,   0.030703,   1.025392
    8336,  -0.006775,   0.013245,   1.024171
    8352,  -0.006409,   0.016541,   1.025881
    8367,  -0.006409,   0.001282,   1.050540
    8383,  -0.007996,   0.008362,   1.033205
    8405,  -0.006409,   0.041323,   0.959836
    8420,  -0.000427,   0.033877,   0.910151
    8436,  -0.000427,   0.026918,   0.909052
    8452,  -0.000427,   0.030458,   0.911860
    8467,  -0.000183,   0.035952,   0.892816
    8483,   0.001892,   0.040225,   0.894403
    8505,   0.003357,   0.036806,   0.908564
    8520,   0.003235,   0.035219,   0.926875
    8536,   0.002991,   0.033266,   0.926998
    8552,   0.001892,   0.029360,   0.942135
    8567,  -0.006775,   0.022768,   1.009034
    8583,  -0.011781,  -0.000427,   1.027345
    8605,  -0.017030,   0.003357,   1.061161
    8621,  -0.012757,   0.003235,   1.042361
    8636,  -0.004212,   0.024110,   0.965330
    8652,   0.000671,   0.018983,   0.972777
    8668,   0.005432,   0.021181,   0.994384
    8683,   0.005555,   0.020448,   0.983031
    8705,   0.005677,   0.025331,   0.974486
    8721,   0.006043,   0.039004,   0.961790
    8737,   0.006165,   0.037539,   0.957395
    8752,   0.007508,   0.038516,   0.956174
    8768,   0.010438,   0.043399,   0.959836
    8784,   0.009949,   0.039614,   0.966062
    8806,   0.006897,   0.033510,   0.973021
    8821,   0.002136,   0.035586,   0.986449
    8837,  -0.003357,   0.023988,   1.019777
    8853,  -0.008851,   0.018739,   1.036501
    8868,  -0.007508,   0.068425,   0.987792
    8884,  -0.008484,   0.000549,   0.944332
    8906,  -0.003601,   0.021181,   0.965086
    8921,  -0.001526,   0.013734,   0.935665
    8937,  -0.001282,   0.017518,   0.935543
    8953,  -0.002991,   0.014588,   0.931392
    8968,  -0.004090,   0.013368,   0.928340
    8984,  -0.005555,   0.014710,   0.939938
    9006,  -0.008240,   0.024843,   0.938839
    9022,  -0.006653,   0.053043,   0.929439
    9037,  -0.002747,   0.011903,   0.977660
    9053,   0.002869,   0.017396,   1.002930
    9068,   0.006165,   0.004944,   1.033571
    9084,   0.006165,   0.002991,   1.041751
    9106,   0.005555,   0.006409,   1.024782
    9122,  -0.000427,   0.034121,   1.021852
    9137,  -0.003968,   0.019471,   1.009766
    9153,  -0.004700,   0.024354,   1.031740
    9168,  -0.007142,   0.031435,   1.010133
    9184,  -0.008118,   0.023866,   0.988647
    9206,  -0.008118,   0.023378,   0.993286
    9222,  -0.011781,   0.003968,   1.033083
    9238,  -0.013123,  -0.001038,   0.996948
    9253,  -0.010682,   0.001648,   0.976317
    9269,  -0.008973,   0.001648,   1.011964
    9284,  -0.007142,  -0.003601,   1.040408
    9307,  -0.007142,  -0.041201,   1.005982
    9323,  -0.001892,   0.005066,   0.939327
    9338,   0.001892,   0.027895,   0.931636
    9354,   0.003235,   0.020814,   0.921260
    9369,   0.003235,   0.029116,   0.933590
    9385,   0.002258,   0.030703,   0.917353
    9407,   0.002380,   0.047061,   0.896966
    9423,   0.006653,   0.063297,   0.873405
    9438,   0.004212,   0.027773,   0.906244
    9454,   0.000549,   0.011781,   0.922114
    9469,  -0.005310,  -0.017152,   0.968504
    9485,  -0.009095,   0.039980,   0.992797
    9507,  -0.015565,   0.019838,   1.016725
    9523,  -0.016786,   0.020448,   1.016969
    9538,  -0.018006,   0.014100,   1.047122
    9554,  -0.013490,   0.012269,   1.021119
    9570,  -0.008851,   0.004944,   0.986571
    9585,   0.000183,   0.013734,   0.979247
    9607,   0.005066,   0.008362,   0.992065
    9623,   0.001648,   0.018251,   0.978514
    9639,   0.001038,   0.020204,   0.974486
    9654,   0.000183,   0.016908,   0.963255
    9670,  -0.000183,   0.021547,   0.967161
    9685,   0.000061,   0.021547,   0.987060
    9708,  -0.000916,   0.024232,   0.987060
    9723,  -0.001038,   0.022645,   0.987060
    9739,  -0.001038,   0.021913,   0.984984
    9755,  -0.002747,   0.010071,   1.000244
    9770,  -0.003845,   0.012147,   1.020997
    9786,  -0.004090,   0.006409,   1.039187
    9808,  -0.000061,   0.064518,   0.998535
    9824,   0.002258,  -0.036196,   0.984862
    9839,   0.005921,  -0.002258,   1.009644
    9855,   0.000061,  -0.028383,   1.023927
    9870,  -0.022523,  -0.108710,   0.961057
    9886,  -0.091497,   0.014222,   1.004395
    9908,  -0.112617,  -0.106513,   0.550510
    9924,  -0.045596,   0.064274,   0.837637
    9939,  -0.069401,  -0.165232,   1.216200
    9955,  -0.024355,  -0.170482,   0.885979
    9970,   0.058170,  -0.077336,   0.992919
    9986,   0.096747,  -0.020448,   1.007447
   10008,   0.107612,   0.101264,   1.031252
   10023,   0.117866,   0.072941,   0.986816
   10039,   0.119941,   0.089788,   0.997436
   10055,   0.124825,   0.143869,   0.982421
   10070,   0.127754,   0.197461,   0.970091
   10086,   0.123482,   0.256546,   0.939938
   10108,   0.118843,   0.296588,   0.895746
   10124,   0.112739,   0.288531,   0.904291
   10139,   0.114448,   0.271806,   0.849966
   10155,   0.118599,   0.264359,   0.824818
   10170,   0.119575,   0.265824,   0.820668
   10186,   0.117744,   0.262650,   0.818226
   10208,   0.112006,   0.253006,   0.813831
   10224,   0.096747,   0.267289,   0.799060
   10239,   0.082219,   0.274248,   0.747177
   10255,   0.073674,   0.293658,   0.740951
   10270,   0.064762,   0.315754,   0.751206
   10286,   0.034853,   0.373619,   0.719221
   10308,   0.019593,   0.384240,   0.723128
   10324,   0.002136,   0.385949,   0.752304
   10339,  -0.003479,   0.391809,   0.761582
   10355,  -0.008606,   0.393762,   0.766099
   10370,  -0.009949,   0.398401,   0.770372
   10386,  -0.012391,   0.395471,   0.766587
   10408,  -0.015077,   0.406458,   0.753037
   10424,  -0.016908,   0.388390,   0.783434
   10439,  -0.018617,   0.382042,   0.786608
   10455,  -0.021425,   0.362266,   0.793933
   10470,  -0.028261,   0.331258,   0.789050
   10486,  -0.030580,   0.324666,   0.808582
   10508,  -0.036562,   0.312458,   0.825185
   10524,  -0.057682,   0.311604,   0.909540
   10539,  -0.054264,   0.303302,   0.916499
   10555,  -0.045596,   0.299884,   0.922236
   10571,  -0.034121,   0.286700,   0.925166
   10586,  -0.023378,   0.278154,   0.924556
   10608,  -0.011414,   0.264603,   0.916743
   10624,   0.000183,   0.260209,   0.903803
   10639,   0.015565,   0.270707,   0.893914
   10655,   0.015321,   0.283037,   0.879021
   10670,   0.011536,   0.296588,   0.880120
   10686,   0.004822,   0.294268,   0.867057
   10708,  -0.001160,   0.294513,   0.865592
   10724,  -0.010316,   0.288409,   0.852408
   10739,  -0.014344,   0.282183,   0.847769
   10755,  -0.015321,   0.285357,   0.850821
