     159,  -0.002869,   0.014222,  -0.987426
     172,  -0.002869,   0.009583,  -0.989013
     195,  -0.002747,   0.012147,  -0.991577
     211,  -0.002625,   0.015077,  -0.993164
     226,  -0.002991,   0.010071,  -0.989257
     244,  -0.002747,   0.008484,  -0.990234
     259,  -0.002747,   0.009583,  -0.993408
     275,  -0.002747,   0.009461,  -0.993896
     291,  -0.002991,   0.008240,  -0.992187
     306,  -0.002747,   0.015565,  -0.994873
     322,  -0.002503,   0.015931,  -0.994262
     344,  -0.002869,   0.010071,  -0.989990
     360,  -0.003113,   0.007264,  -0.989868
     375,  -0.002991,   0.007752,  -0.985229
     391,  -0.002258,   0.013490,  -0.988036
     406,  -0.002869,   0.012391,  -0.990600
     422,  -0.002991,   0.008240,  -0.987426
     444,  -0.002380,   0.008851,  -0.991210
     460,  -0.002991,   0.008973,  -0.989623
     476,  -0.002869,   0.007264,  -0.992797
     491,  -0.003113,   0.013001,  -0.991210
     507,  -0.003357,   0.009827,  -0.990966
     523,  -0.002625,   0.010071,  -0.990234
     544,  -0.002380,   0.009461,  -0.991943
     560,  -0.002991,   0.014588,  -0.989379
     576,  -0.002625,   0.011658,  -0.994140
     591,  -0.003113,   0.010804,  -0.990112
     607,  -0.003601,   0.008240,  -0.996582
     623,  -0.003601,   0.010438,  -0.989990
     644,  -0.003357,   0.011170,  -0.989868
     660,  -0.003113,   0.016786,  -0.978636
     676,  -0.003235,   0.013123,  -0.976439
     691,  -0.003357,   0.010560,  -0.992797
     707,  -0.002503,   0.013123,  -0.994995
     723,  -0.002625,   0.010193,  -0.992675
     745,  -0.002869,   0.009461,  -0.996460
     760,  -0.003235,   0.007386,  -1.005494
     776,  -0.003601,   0.009827,  -1.006348
     792,  -0.003113,   0.014588,  -0.987548
     807,  -0.003113,   0.014222,  -0.985717
     823,  -0.002869,   0.016541,  -0.982665
     845,  -0.003113,   0.015565,  -0.989257
     860,  -0.002869,   0.011170,  -0.997192
     876,  -0.002747,   0.012879,  -0.991210
     892,  -0.002869,   0.008362,  -0.996338
     907,  -0.002625,   0.012635,  -0.993774
     923,  -0.003357,   0.011048,  -0.994995
     945,  -0.003235,   0.009461,  -0.989990
     960,  -0.002869,   0.010560,  -0.980590
     976,  -0.002991,   0.007874,  -0.987548
     992,  -0.002869,   0.016053,  -0.996582
    1007,  -0.002625,   0.014222,  -0.990966
    1023,  -0.002991,   0.007630,  -0.992797
    1045,  -0.002991,   0.008851,  -0.995605
    1060,  -0.002625,   0.014466,  -0.967894
    1076,  -0.002747,   0.006165,  -0.988891
    1092,  -0.002869,   0.012269,  -0.976195
    1107,  -0.002747,   0.005677,  -0.976927
    1123,  -0.001526,   0.028627,  -0.972655
    1145,  -0.001892,   0.014222,  -1.016847
    1161,  -0.003113,  -0.003113,  -1.017335
    1176,  -0.003601,  -0.004090,  -1.003296
    1192,  -0.003235,   0.023500,  -0.975462
    1208,  -0.003235,   0.007630,  -0.982665
    1223,  -0.002747,   0.013490,  -0.978514
    1246,  -0.002136,   0.014344,  -0.993896
    1261,  -0.002869,   0.009583,  -0.985473
    1277,  -0.002380,   0.014710,  -0.981810
    1292,  -0.002136,   0.016541,  -0.990844
    1308,  -0.002258,   0.017030,  -0.986449
    1324,  -0.002258,   0.006409,  -0.992797
    1346,  -0.002747,   0.007142,  -0.996338
    1361,  -0.003357,   0.009949,  -0.998047
    1377,  -0.002991,   0.011536,  -0.983642
    1392,  -0.003113,   0.011170,  -0.978881
    1408,  -0.002625,   0.014955,  -0.980101
    1424,  -0.003357,   0.014466,  -0.985717
    1446,  -0.002503,   0.012757,  -0.992675
    1461,  -0.002503,   0.007996,  -0.990356
    1477,  -0.002503,   0.007874,  -0.996338
    1493,  -0.002869,   0.006653,  -0.995605
    1508,  -0.002869,   0.011170,  -0.992797
    1524,  -0.002991,   0.008851,  -0.983642
    1546,  -0.002991,   0.009217,  -0.988403
    1562,  -0.002869,   0.013490,  -0.988403
    1577,  -0.002625,   0.011170,  -0.990844
    1593,  -0.002625,   0.011292,  -0.992187
    1608,  -0.002747,   0.009827,  -0.989623
    1624,  -0.002503,   0.012147,  -0.993408
    1646,  -0.002625,   0.010926,  -0.987792
    1662,  -0.002991,   0.007508,  -0.990112
    1677,  -0.002503,   0.009095,  -0.990478
    1693,  -0.002625,   0.013490,  -0.989379
    1709,  -0.002625,   0.010560,  -0.989990
    1724,  -0.002625,   0.014588,  -0.992431
    1746,  -0.002625,   0.009461,  -0.991332
    1762,  -0.002747,   0.010804,  -0.990234
    1777,  -0.002747,   0.005066,  -0.995117
    1793,  -0.002747,   0.010316,  -0.989257
    1809,  -0.002625,   0.012391,  -0.987426
    1824,  -0.002869,   0.009949,  -0.988647
    1847,  -0.002869,   0.008484,  -0.992187
    1862,  -0.002625,   0.013368,  -0.986694
    1878,  -0.002747,   0.011048,  -0.991210
    1893,  -0.002869,   0.011658,  -0.985351
    1909,  -0.002503,   0.006409,  -0.998291
    1924,  -0.002869,   0.011414,  -0.989745
    1947,  -0.002869,   0.010193,  -0.993286
    1963,  -0.002869,   0.009217,  -0.993164
    1978,  -0.002991,   0.011292,  -0.995971
    1994,  -0.002625,   0.009827,  -0.994995
    2009,  -0.002991,   0.007874,  -0.984130
    2025,  -0.002747,   0.017518,  -0.989501
    2047,  -0.002747,   0.013856,  -0.986083
    2063,  -0.002503,   0.012635,  -0.989501
    2078,  -0.002014,   0.016053,  -0.986449
    2094,  -0.002380,   0.013612,  -0.992675
    2109,  -0.002136,   0.008484,  -0.995483
    2125,  -0.002258,   0.012513,  -0.993408
    2147,  -0.003357,   0.008973,  -0.989745
    2163,  -0.003357,   0.011048,  -0.986083
    2178,  -0.002991,   0.010926,  -0.986327
    2194,  -0.002991,   0.010193,  -0.986694
    2209,  -0.002625,   0.008606,  -0.987548
    2225,  -0.002258,   0.012025,  -0.991210
    2247,  -0.002625,   0.011536,  -0.989135
    2263,  -0.002258,   0.009705,  -0.989745
    2278,  -0.002014,   0.015199,  -0.987914
    2294,  -0.002380,   0.009827,  -0.993652
    2310,  -0.002380,   0.008729,  -0.992920
    2325,  -0.002747,   0.007508,  -0.991088
    2347,  -0.002503,   0.011414,  -0.990234
    2363,  -0.002747,   0.010682,  -0.988281
    2378,  -0.002869,   0.009949,  -0.990112
    2394,  -0.002869,   0.011658,  -0.992309
    2410,  -0.002380,   0.011414,  -0.990966
    2425,  -0.002625,   0.010682,  -0.991210
    2447,  -0.002625,   0.007142,  -0.991943
    2463,  -0.003113,   0.006043,  -0.987670
    2479,  -0.002869,   0.013123,  -0.988036
    2494,  -0.002747,   0.009583,  -0.991943
    2510,  -0.002869,   0.008606,  -0.992553
    2526,  -0.002625,   0.011536,  -0.994873
    2547,  -0.002747,   0.006897,  -0.991699
    2563,  -0.002747,   0.010926,  -0.991455
    2579,  -0.002991,   0.011048,  -0.986938
    2594,  -0.002869,   0.012025,  -0.985107
    2610,  -0.002625,   0.009217,  -0.994751
    2626,  -0.002747,   0.007630,  -0.990356
    2648,  -0.002625,   0.011292,  -0.988281
    2663,  -0.002869,   0.008240,  -0.994506
    2679,  -0.002991,   0.007996,  -0.992065
    2694,  -0.002503,   0.011414,  -0.985229
    2710,  -0.002869,   0.011048,  -0.993530
    2725,  -0.003235,   0.008973,  -0.992309
    2748,  -0.002747,   0.009461,  -0.993164
    2763,  -0.003235,   0.008240,  -0.987304
    2779,  -0.002869,   0.010804,  -0.993286
    2794,  -0.003235,   0.007264,  -0.993530
    2810,  -0.003113,   0.009095,  -0.989745
    2826,  -0.002869,   0.008851,  -0.988769
    2848,  -0.002625,   0.007874,  -0.986449
    2864,  -0.002869,   0.011536,  -0.987304
    2879,  -0.002625,   0.005555,  -0.988525
    2895,  -0.002747,   0.011658,  -0.991332
    2910,  -0.002991,   0.010071,  -0.992675
    2926,  -0.002991,   0.010560,  -0.993164
    2948,  -0.003113,   0.007508,  -0.989868
    2964,  -0.002991,   0.009461,  -0.984374
    2979,  -0.002747,   0.011903,  -0.992920
    2995,  -0.002747,   0.009095,  -0.994995
    3011,  -0.003113,   0.010193,  -0.994629
    3026,  -0.002991,   0.006775,  -0.991943
    3048,  -0.002625,   0.009095,  -0.992187
    3064,  -0.002625,   0.009217,  -0.988525
    3079,  -0.002991,   0.009217,  -0.990478
    3095,  -0.002625,   0.007752,  -0.988158
    3111,  -0.002869,   0.011536,  -0.988647
    3126,  -0.002747,   0.009705,  -0.989868
    3148,  -0.002869,   0.010560,  -0.989745
    3164,  -0.002503,   0.011414,  -0.985229
    3179,  -0.002747,   0.010560,  -0.990112
    3195,  -0.002991,   0.011781,  -0.989501
    3211,  -0.002869,   0.012513,  -0.987304
    3226,  -0.002503,   0.013978,  -0.990600
    3248,  -0.002747,   0.010682,  -0.991088
    3264,  -0.002869,   0.009339,  -0.991332
    3279,  -0.002747,   0.006165,  -0.992920
    3295,  -0.003113,   0.007386,  -0.992553
    3310,  -0.002747,   0.009949,  -0.992187
    3326,  -0.003113,   0.013490,  -0.986083
    3348,  -0.003113,   0.012025,  -0.991943
    3363,  -0.002869,   0.008240,  -0.987670
    3379,  -0.002625,   0.008729,  -0.992675
    3395,  -0.002991,   0.012879,  -0.992675
    3410,  -0.002747,   0.011781,  -0.985229
    3426,  -0.003113,   0.007630,  -0.994751
    3448,  -0.002747,   0.007386,  -0.994995
    3464,  -0.002625,   0.010926,  -0.986083
    3479,  -0.002380,   0.011170,  -0.989623
    3495,  -0.003113,   0.010926,  -0.992065
    3511,  -0.002991,   0.009705,  -0.988891
    3526,  -0.002991,   0.013245,  -0.992797
    3548,  -0.002503,   0.005799,  -0.998413
    3564,  -0.002258,   0.012635,  -0.987914
    3579,  -0.002747,   0.004334,  -0.993652
    3595,  -0.003235,   0.011781,  -0.983153
    3611,  -0.003113,   0.011414,  -0.986449
    3626,  -0.002991,   0.011048,  -0.992309
    3648,  -0.002869,   0.011292,  -0.992065
    3664,  -0.002991,   0.008484,  -0.991943
    3679,  -0.002869,   0.013001,  -0.992187
    3695,  -0.002991,   0.013245,  -0.987304
    3711,  -0.002747,   0.008729,  -0.989990
    3727,  -0.002991,   0.008240,  -0.989623
    3748,  -0.002991,   0.009095,  -0.989990
    3764,  -0.003113,   0.007386,  -0.994140
    3780,  -0.002625,   0.007752,  -0.995605
    3795,  -0.002869,   0.010926,  -0.987792
    3811,  -0.002869,   0.007508,  -0.991699
    3826,  -0.002869,   0.007020,  -0.991332
    3848,  -0.002869,   0.010560,  -0.990600
    3864,  -0.002869,   0.007508,  -0.990600
    3880,  -0.003113,   0.010316,  -0.988158
    3895,  -0.002991,   0.010926,  -0.982909
    3911,  -0.002503,   0.014100,  -0.991332
    3926,  -0.003113,   0.008606,  -0.992797
    3948,  -0.002380,   0.012147,  -0.992309
    3964,  -0.003113,   0.007630,  -0.992920
    3979,  -0.002869,   0.005677,  -0.993286
    3995,  -0.002991,   0.014222,  -0.991699
    4011,  -0.003479,   0.009461,  -0.994873
    4026,  -0.003479,   0.011536,  -0.987914
    4048,  -0.003235,   0.009461,  -0.987670
    4064,  -0.003113,   0.015321,  -0.993164
    4079,  -0.002869,   0.006165,  -0.995361
    4095,  -0.003357,   0.009217,  -0.989868
    4111,  -0.002747,   0.011048,  -0.991821
    4126,  -0.002380,   0.011414,  -0.998779
    4148,  -0.002991,   0.009461,  -0.987670
    4164,  -0.003357,   0.011292,  -0.991821
    4179,  -0.002747,   0.010193,  -0.990234
    4195,  -0.002869,   0.010438,  -0.989379
    4211,  -0.003113,   0.009705,  -0.991455
    4226,  -0.002869,   0.012391,  -0.991332
    4248,  -0.003357,   0.010926,  -0.990112
    4264,  -0.002869,   0.012391,  -0.990356
    4279,  -0.002747,   0.009949,  -0.993164
    4295,  -0.002869,   0.012757,  -0.987548
    4311,  -0.002747,   0.013245,  -0.993164
    4326,  -0.003357,   0.012269,  -0.994629
    4348,  -0.002869,   0.011170,  -0.983886
    4364,  -0.002503,   0.013612,  -0.992553
    4379,  -0.002747,   0.012391,  -0.991332
    4395,  -0.002625,   0.009827,  -0.990966
    4411,  -0.002747,   0.010071,  -0.990112
    4426,  -0.002869,   0.006409,  -0.995727
    4448,  -0.002991,   0.010071,  -0.991455
    4463,  -0.002991,   0.011536,  -0.984130
    4479,  -0.002747,   0.007752,  -0.990966
    4495,  -0.002869,   0.009583,  -0.995361
    4510,  -0.003113,   0.009339,  -0.996460
    4526,  -0.002991,   0.010804,  -0.989623
    4548,  -0.002991,   0.009827,  -0.988647
    4563,  -0.003113,   0.012635,  -0.987182
    4579,  -0.002747,   0.012879,  -0.985595
    4595,  -0.002991,   0.011536,  -0.988769
    4610,  -0.002869,   0.008973,  -0.994995
    4626,  -0.002747,   0.008240,  -0.992187
    4648,  -0.002503,   0.007874,  -0.991577
    4663,  -0.002869,   0.009705,  -0.990722
    4679,  -0.002747,   0.009217,  -0.984862
    4695,  -0.002747,   0.012757,  -0.989501
    4710,  -0.002747,   0.010071,  -0.989745
    4726,  -0.002747,   0.009705,  -0.991577
    4748,  -0.002869,   0.010316,  -0.991699
    4764,  -0.002503,   0.012757,  -0.988281
    4779,  -0.002991,   0.007996,  -0.995117
    4795,  -0.002991,   0.009095,  -0.992309
    4811,  -0.003113,   0.009705,  -0.994384
    4826,  -0.002991,   0.012757,  -0.992065
    4848,  -0.002991,   0.009827,  -0.990600
    4864,  -0.002991,   0.007874,  -0.990844
    4879,  -0.002991,   0.007142,  -0.988281
    4895,  -0.002869,   0.011536,  -0.990966
    4911,  -0.002869,   0.006531,  -0.990356
    4926,  -0.002869,   0.010071,  -0.991332
    4948,  -0.002991,   0.011170,  -0.989990
    4964,  -0.002869,   0.009705,  -0.989013
    4979,  -0.002747,   0.007996,  -0.987426
    4995,  -0.002747,   0.008362,  -0.985107
    5011,  -0.002747,   0.006775,  -0.995605
    5026,  -0.002380,   0.008729,  -0.992187
    5048,  -0.002991,   0.011536,  -0.993530
    5064,  -0.002869,   0.008973,  -0.987792
    5079,  -0.002747,   0.008606,  -0.992065
    5095,  -0.002747,   0.012513,  -0.984374
    5111,  -0.002503,   0.009339,  -0.989257
    5126,  -0.002869,   0.011658,  -0.991821
    5148,  -0.002869,   0.008729,  -0.990966
    5164,  -0.002869,   0.008484,  -0.991210
    5179,  -0.002380,   0.009095,  -0.986571
    5195,  -0.002869,   0.009339,  -0.991943
    5211,  -0.002747,   0.010071,  -0.989257
    5226,  -0.002991,   0.012269,  -0.996704
    5248,  -0.002747,   0.012391,  -0.990356
    5264,  -0.003113,   0.007264,  -0.990356
    5279,  -0.002869,   0.007508,  -0.991088
    5295,  -0.002625,   0.008729,  -0.991210
    5311,  -0.002625,   0.008851,  -0.988158
    5326,  -0.002991,   0.012879,  -0.987670
    5348,  -0.002503,   0.012269,  -0.995117
    5364,  -0.003235,   0.005432,  -0.994140
    5379,  -0.003113,   0.005066,  -0.999634
    5395,  -0.003479,   0.005555,  -1.003418
    5411,  -0.003968,   0.009705,  -0.981444
    5426,  -0.003845,   0.007386,  -0.998169
    5448,  -0.003845,   0.017884,  -0.981322
    5464,  -0.003723,   0.010071,  -0.979857
    5479,  -0.003357,   0.030092,  -0.970335
    5495,  -0.003235,   0.014955,  -0.983886
    5511,  -0.002991,   0.004944,  -0.982787
    5526,  -0.002747,   0.013856,  -0.985717
    5548,  -0.002380,   0.013001,  -0.996704
    5564,  -0.002991,   0.004212,  -0.992675
    5579,  -0.002747,   0.005677,  -0.992675
    5595,  -0.002991,   0.012391,  -0.997803
    5611,  -0.003235,   0.013368,  -0.994995
    5626,  -0.003113,   0.007264,  -0.987792
    5648,  -0.002625,   0.015565,  -0.984130
    5664,  -0.002869,   0.012635,  -0.991821
    5679,  -0.002991,   0.012025,  -0.989990
    5695,  -0.002747,   0.008606,  -0.992309
    5710,  -0.002991,   0.011536,  -0.990356
    5726,  -0.003113,   0.011658,  -0.991821
    5748,  -0.002747,   0.009827,  -0.994140
    5764,  -0.002991,   0.012025,  -0.987060
    5779,  -0.002991,   0.012757,  -0.987060
    5794,  -0.002991,   0.011170,  -0.989013
    5810,  -0.002258,   0.014588,  -0.987670
    5826,  -0.002991,   0.013368,  -0.987304
    5848,  -0.003113,   0.014222,  -0.991088
    5864,  -0.002747,   0.010316,  -0.989379
    5879,  -0.002747,   0.011781,  -0.989013
    5895,  -0.002747,   0.013490,  -0.990600
    5911,  -0.002869,   0.008606,  -0.992065
    5926,  -0.002991,   0.010071,  -0.990966
    5948,  -0.003113,   0.012635,  -0.994506
    5964,  -0.002991,   0.010926,  -0.989501
    5979,  -0.002503,   0.012025,  -0.983886
    5995,  -0.002869,   0.013123,  -0.990966
    6011,  -0.003113,   0.011414,  -0.994140
    6026,  -0.003235,   0.014710,  -0.987182
    6048,  -0.002869,   0.008606,  -0.988647
    6064,  -0.002503,   0.012025,  -0.989990
    6079,  -0.003113,   0.009827,  -0.990600
    6095,  -0.002747,   0.013612,  -0.988525
    6111,  -0.002991,   0.010560,  -0.989013
    6126,  -0.003479,   0.014588,  -0.990234
    6148,  -0.002991,   0.012391,  -0.993164
    6164,  -0.002869,   0.011414,  -0.986938
    6179,  -0.002747,   0.007752,  -0.990722
    6195,  -0.002625,   0.011048,  -0.991943
    6210,  -0.003235,   0.010316,  -0.991210
    6226,  -0.003357,   0.010682,  -0.993042
    6248,  -0.002747,   0.010193,  -0.987426
    6263,  -0.003113,   0.010560,  -0.991821
    6279,  -0.003113,   0.012879,  -0.991332
    6295,  -0.002625,   0.008729,  -0.988525
    6310,  -0.002625,   0.011658,  -0.992675
    6326,  -0.002869,   0.009705,  -0.989990
    6348,  -0.002747,   0.011903,  -0.989990
    6364,  -0.002869,   0.010193,  -0.988403
    6379,  -0.003113,   0.012269,  -0.993286
    6395,  -0.002991,   0.008118,  -0.987182
    6410,  -0.002625,   0.009827,  -0.994873
    6426,  -0.002625,   0.013245,  -0.991088
    6448,  -0.002747,   0.012269,  -0.991455
    6464,  -0.003113,   0.007386,  -0.988403
    6479,  -0.002869,   0.008240,  -0.992431
    6495,  -0.002747,   0.012391,  -1.000610
    6511,  -0.002747,   0.013001,  -0.989868
    6526,  -0.002747,   0.012879,  -0.985717
    6548,  -0.002991,   0.008973,  -0.988403
    6564,  -0.002503,   0.008729,  -0.987426
    6579,  -0.002747,   0.009461,  -0.992065
    6595,  -0.002625,   0.008851,  -0.990234
    6610,  -0.003113,   0.009095,  -0.989990
    6626,  -0.002258,   0.009949,  -0.983397
    6648,  -0.001892,   0.013001,  -0.979125
    6663,  -0.001282,   0.017640,  -1.003906
    6679,  -0.002014,   0.001038,  -1.016480
    6695,  -0.002991,  -0.010438,  -1.013551
    6710,  -0.003845,   0.003479,  -1.005127
    6726,  -0.003113,   0.007264,  -0.999390
    6748,  -0.003479,   0.013734,  -0.988525
    6764,  -0.003113,   0.010804,  -0.983153
    6780,  -0.003357,   0.013368,  -0.975584
    6795,  -0.002747,   0.014588,  -0.984374
    6811,  -0.002503,   0.015687,  -0.986938
    6826,  -0.002136,   0.010438,  -0.979613
    6848,  -0.002258,   0.011170,  -0.987426
    6864,  -0.002380,   0.002747,  -0.998901
    6880,  -0.002747,   0.013001,  -0.991821
    6895,  -0.002747,   0.012513,  -0.985717
    6911,  -0.002625,   0.008606,  -0.987060
    6926,  -0.002991,   0.011292,  -0.989501
    6948,  -0.002503,   0.006653,  -0.988403
    6964,  -0.002503,   0.017152,  -0.991577
    6980,  -0.002747,   0.011170,  -0.989990
    6995,  -0.002258,   0.007874,  -0.994506
    7011,  -0.002625,   0.010560,  -0.997192
    7026,  -0.002503,   0.009339,  -0.997314
    7048,  -0.003113,   0.007874,  -0.990844
    7064,  -0.002869,   0.007020,  -0.994262
    7080,  -0.003479,   0.009827,  -0.994262
    7095,  -0.002869,   0.011170,  -0.986327
    7111,  -0.002869,   0.013001,  -0.991210
    7126,  -0.002991,   0.012025,  -0.988769
    7148,  -0.002747,   0.006897,  -0.988647
    7164,  -0.002503,   0.011170,  -0.990112
    7180,  -0.003113,   0.009949,  -0.993774
    7195,  -0.003113,   0.007752,  -0.989257
    7211,  -0.003113,   0.009339,  -0.993774
    7227,  -0.003113,   0.009949,  -0.988525
    7248,  -0.003113,   0.012757,  -0.990844
    7264,  -0.002869,   0.012635,  -0.991821
    7280,  -0.002625,   0.011903,  -0.987060
    7296,  -0.003113,   0.008851,  -0.988281
    7311,  -0.002991,   0.012757,  -0.991455
    7327,  -0.002869,   0.009949,  -0.994140
    7349,  -0.003235,   0.010682,  -0.993774
    7364,  -0.002869,   0.005555,  -0.992675
    7380,  -0.002991,   0.012513,  -0.987304
    7396,  -0.002747,   0.010804,  -0.990966
    7411,  -0.002869,   0.012025,  -0.990112
    7427,  -0.002869,   0.013001,  -0.989013
    7449,  -0.002503,   0.010560,  -0.992553
    7464,  -0.003235,   0.013001,  -0.991210
    7480,  -0.003113,   0.009827,  -0.993896
    7496,  -0.002869,   0.008973,  -0.991210
    7511,  -0.003113,   0.011781,  -0.991088
    7527,  -0.002747,   0.008729,  -0.986816
    7549,  -0.002869,   0.011170,  -0.987914
    7564,  -0.002869,   0.007996,  -0.986449
    7580,  -0.002747,   0.007508,  -0.994995
    7596,  -0.002747,   0.009583,  -0.990844
    7611,  -0.002991,   0.014100,  -0.990112
    7627,  -0.002869,   0.008729,  -0.988647
    7649,  -0.002869,   0.010682,  -0.994262
    7664,  -0.002503,   0.013123,  -0.987304
    7680,  -0.002869,   0.008851,  -0.989379
    7696,  -0.002747,   0.008484,  -0.988769
    7711,  -0.002625,   0.011170,  -0.990112
    7727,  -0.003113,   0.008484,  -0.994629
    7749,  -0.002747,   0.011170,  -0.994995
    7764,  -0.003235,   0.009339,  -0.992797
    7780,  -0.003113,   0.010071,  -0.985717
    7796,  -0.003235,   0.010682,  -0.989623
    7811,  -0.002869,   0.015321,  -0.984374
    7827,  -0.003113,   0.014222,  -0.987060
    7849,  -0.002869,   0.011781,  -0.989379
    7865,  -0.002991,   0.009705,  -0.992920
    7880,  -0.002991,   0.008973,  -0.990478
    7896,  -0.003113,   0.007752,  -0.987304
    7912,  -0.002991,   0.010071,  -0.993286
    7927,  -0.002747,   0.008973,  -0.994384
    7949,  -0.003479,   0.009827,  -0.986571
    7965,  -0.002747,   0.011781,  -0.992797
    7981,  -0.003357,   0.009217,  -0.991088
    7996,  -0.003113,   0.010316,  -0.989501
    8012,  -0.002991,   0.012635,  -0.988403
    8028,  -0.002747,   0.014710,  -0.993530
    8050,  -0.002991,   0.013368,  -0.983397
    8065,  -0.003113,   0.012635,  -0.984740
    8081,  -0.003357,   0.010071,  -0.990478
    8096,  -0.002869,   0.010438,  -0.987792
    8112,  -0.003113,   0.016297,  -0.992920
    8128,  -0.002869,   0.012269,  -0.994262
    8150,  -0.002991,   0.009339,  -0.991821
    8165,  -0.003113,   0.013734,  -0.992309
    8181,  -0.003235,   0.007996,  -0.989501
    8197,  -0.002991,   0.010316,  -0.991699
    8212,  -0.002869,   0.012757,  -0.987792
    8228,  -0.002380,   0.010438,  -0.988158
    8250,  -0.003235,   0.011658,  -0.992187
    8266,  -0.002869,   0.006775,  -0.991699
    8281,  -0.002747,   0.011658,  -0.985351
    8297,  -0.002991,   0.008118,  -0.992065
    8312,  -0.002991,   0.011658,  -0.988647
    8328,  -0.003235,   0.013001,  -0.988647
    8350,  -0.003113,   0.012879,  -0.989623
    8366,  -0.002991,   0.008240,  -0.989990
    8381,  -0.002869,   0.008729,  -0.990478
    8397,  -0.002991,   0.013856,  -0.995849
    8413,  -0.002747,   0.014955,  -0.986205
    8428,  -0.002991,   0.012269,  -0.988158
    8450,  -0.002503,   0.008240,  -0.992187
    8466,  -0.002869,   0.011903,  -0.992431
    8482,  -0.002503,   0.012879,  -0.993286
    8497,  -0.003113,   0.010682,  -0.986694
    8513,  -0.002380,   0.012147,  -0.986449
    8528,  -0.002991,   0.012391,  -0.986327
    8551,  -0.002747,   0.008973,  -0.990722
    8566,  -0.002625,   0.010926,  -0.994384
    8582,  -0.002503,   0.010438,  -0.990356
    8597,  -0.002258,   0.017152,  -0.993042
    8613,  -0.002380,   0.010804,  -0.987426
    8629,  -0.002869,   0.011903,  -0.994751
    8651,  -0.002869,   0.011536,  -0.986449
    8667,  -0.002747,   0.010804,  -0.992675
    8682,  -0.002503,   0.010071,  -0.990478
    8698,  -0.002747,   0.007752,  -0.996826
    8714,  -0.002869,   0.008240,  -0.989257
    8729,  -0.002503,   0.014955,  -0.991088
    8751,  -0.002869,   0.008240,  -0.990112
    8767,  -0.002625,   0.011781,  -0.989501
    8782,  -0.002747,   0.008362,  -0.993164
    8798,  -0.002869,   0.008973,  -0.994140
    8814,  -0.002991,   0.011658,  -0.992309
    8829,  -0.003113,   0.007264,  -0.991088
    8851,  -0.002991,   0.012635,  -0.989745
    8867,  -0.003113,   0.011048,  -0.988036
    8883,  -0.002869,   0.009949,  -0.985717
    8898,  -0.002503,   0.011536,  -0.990234
    8914,  -0.002625,   0.009583,  -0.988403
    8929,  -0.002503,   0.008484,  -0.990722
    8952,  -0.002747,   0.012879,  -0.993896
    8968,  -0.002869,   0.011414,  -0.986205
    8983,  -0.002869,   0.013612,  -0.986449
    8999,  -0.002747,   0.010071,  -0.987914
    9014,  -0.002869,   0.007874,  -0.992920
    9030,  -0.002869,   0.012879,  -0.988647
    9052,  -0.002747,   0.013368,  -0.988158
    9068,  -0.002747,   0.009461,  -0.992187
    9083,  -0.002747,   0.011170,  -0.993774
    9099,  -0.002747,   0.007874,  -0.989868
    9114,  -0.002991,   0.010560,  -0.997558
    9130,  -0.003235,   0.007386,  -0.990966
    9152,  -0.003235,   0.014100,  -0.992553
    9168,  -0.002747,   0.011903,  -0.988891
    9183,  -0.002625,   0.012025,  -0.989745
    9199,  -0.002625,   0.012635,  -0.989379
    9215,  -0.002991,   0.012147,  -0.993530
    9230,  -0.002869,   0.007386,  -0.995117
    9252,  -0.003479,   0.012879,  -0.993774
    9268,  -0.002869,   0.006897,  -0.990844
    9283,  -0.003113,   0.013001,  -0.994018
    9299,  -0.002503,   0.011536,  -0.987426
    9314,  -0.002991,   0.013612,  -0.992065
    9330,  -0.003235,   0.009461,  -0.986083
    9352,  -0.002991,   0.007996,  -0.991455
    9368,  -0.003235,   0.010193,  -0.990844
    9383,  -0.002991,   0.010804,  -0.985351
    9399,  -0.003479,   0.009095,  -0.987670
    9415,  -0.002991,   0.011048,  -0.990356
    9430,  -0.002869,   0.008851,  -0.990478
    9452,  -0.002991,   0.008484,  -0.990966
    9468,  -0.002991,   0.011536,  -0.989745
    9483,  -0.002869,   0.012879,  -0.991943
    9499,  -0.002991,   0.007386,  -0.988403
    9514,  -0.002991,   0.009095,  -0.989013
    9530,  -0.002991,   0.014344,  -0.988281
    9552,  -0.002991,   0.011781,  -0.989868
    9568,  -0.003235,   0.007752,  -0.989868
    9583,  -0.002747,   0.009705,  -0.990356
    9599,  -0.002747,   0.007020,  -0.985839
    9615,  -0.002869,   0.010682,  -0.989990
    9630,  -0.002991,   0.011414,  -0.990234
    9652,  -0.002869,   0.008729,  -0.989013
    9668,  -0.002625,   0.011292,  -0.992187
    9683,  -0.003235,   0.007508,  -0.993652
    9699,  -0.002747,   0.012391,  -0.986571
    9715,  -0.002869,   0.010804,  -0.990234
    9730,  -0.002991,   0.011414,  -0.990844
    9752,  -0.002869,   0.010316,  -0.991210
    9768,  -0.002869,   0.011292,  -0.987426
    9783,  -0.002747,   0.008484,  -0.989868
    9799,  -0.003113,   0.010682,  -0.986694
    9814,  -0.002503,   0.012757,  -0.990234
    9830,  -0.002869,   0.009583,  -0.990600
    9852,  -0.002869,   0.008484,  -0.991699
    9868,  -0.002869,   0.011781,  -0.995727
    9883,  -0.002503,   0.011048,  -0.989623
    9899,  -0.002380,   0.012513,  -0.988525
    9915,  -0.002747,   0.014955,  -0.990966
    9930,  -0.002869,   0.013978,  -0.986449
    9952,  -0.002747,   0.011048,  -0.994262
    9968,  -0.003357,   0.012391,  -0.989013
    9983,  -0.003479,   0.010071,  -0.992309
    9999,  -0.002869,   0.012025,  -0.991699
   10014,  -0.002747,   0.010071,  -0.989990
   10030,  -0.002991,   0.011658,  -0.988525
   10052,  -0.003113,   0.008240,  -0.990722
   10068,  -0.002747,   0.010071,  -0.993042
   10083,  -0.002747,   0.010560,  -0.990356
   10099,  -0.003235,   0.010682,  -0.986938
   10115,  -0.002747,   0.012391,  -0.991455
   10126,  -0.003113,   0.011048,  -0.991699
   10137,  -0.002869,   0.009461,  -0.994262
   10147,  -0.003235,   0.010316,  -0.993774
   10159,  -0.003479,   0.013978,  -0.989135
   10170,  -0.002625,   0.009705,  -0.987914
   10187,  -0.002625,   0.011414,  -0.989379
   10202,  -0.002625,   0.011292,  -0.991210
   10218,  -0.002869,   0.011048,  -0.991577
   10234,  -0.003113,   0.012635,  -0.992065
   10253,  -0.003235,   0.008851,  -0.986327
   10268,  -0.002747,   0.008240,  -0.990600
   10284,  -0.003357,   0.010682,  -0.991332
   10299,  -0.002625,   0.010804,  -0.987304
   10315,  -0.002625,   0.011414,  -0.989868
   10331,  -0.002869,   0.011292,  -0.991210
   10353,  -0.002625,   0.010438,  -0.989501
   10369,  -0.002625,   0.010193,  -0.990966
   10384,  -0.003113,   0.011781,  -0.991821
   10400,  -0.002625,   0.012391,  -0.993896
   10416,  -0.003113,   0.012635,  -0.995361
   10431,  -0.003235,   0.008240,  -0.996704
   10453,  -0.003235,   0.013978,  -0.986083
   10469,  -0.003113,   0.013734,  -0.980590
   10484,  -0.003113,   0.015931,  -0.984740
   10500,  -0.002869,   0.008973,  -0.997314
   10516,  -0.002503,   0.011658,  -0.982055
   10531,  -0.002747,   0.012147,  -0.987060
   10554,  -0.002869,   0.006531,  -0.995483
   10569,  -0.002747,   0.009339,  -0.990966
   10585,  -0.002747,   0.008362,  -0.986327
   10600,  -0.002747,   0.012757,  -0.985473
   10616,  -0.002503,   0.013245,  -0.991455
   10632,  -0.002747,   0.013001,  -0.987548
   10654,  -0.002625,   0.003601,  -1.001465
   10669,  -0.003357,   0.015443,  -0.990844
   10685,  -0.002991,   0.011781,  -0.991210
   10700,  -0.002991,   0.008606,  -0.987060
   10716,  -0.002747,   0.010804,  -0.993652
   10732,  -0.003113,   0.014710,  -0.993042
   10754,  -0.002747,   0.010193,  -0.990722
   10769,  -0.002747,   0.010193,  -0.989745
   10785,  -0.002747,   0.014588,  -0.993164
   10801,  -0.002869,   0.006165,  -0.990966
   10816,  -0.002991,   0.010438,  -0.983397
   10832,  -0.002625,   0.009339,  -0.984740
   10854,  -0.002503,   0.009583,  -0.991455
   10869,  -0.003113,   0.009217,  -0.988647
   10885,  -0.002625,   0.010071,  -0.990966
   10901,  -0.002747,   0.009705,  -0.994751
   10916,  -0.003235,   0.009461,  -0.991088
   10932,  -0.002503,   0.012025,  -0.990600
   10954,  -0.003235,   0.013001,  -0.991455
   10970,  -0.003113,   0.011414,  -0.992065
   10985,  -0.003113,   0.011414,  -0.988769
   11001,  -0.002503,   0.008973,  -0.987792
   11016,  -0.002991,   0.013978,  -0.981444
   11032,  -0.003113,   0.012757,  -0.997803
   11054,  -0.002625,   0.009095,  -0.992187
   11070,  -0.002869,   0.010193,  -0.988403
   11085,  -0.002747,   0.010682,  -0.991577
   11101,  -0.002747,   0.012635,  -0.984862
   11116,  -0.002747,   0.012513,  -0.989379
   11132,  -0.002869,   0.012635,  -0.988647
   11154,  -0.002503,   0.009705,  -0.998535
   11170,  -0.003113,   0.005066,  -0.990600
   11186,  -0.002991,   0.013368,  -0.994384
   11201,  -0.002991,   0.010193,  -0.990478
   11217,  -0.002747,   0.007630,  -0.984252
   11232,  -0.002747,   0.015565,  -0.989379
   11255,  -0.002625,   0.006409,  -0.987304
   11271,  -0.003113,   0.010682,  -0.992920
   11286,  -0.002991,   0.010926,  -0.991455
   11302,  -0.003235,   0.007996,  -0.990356
   11317,  -0.002869,   0.015565,  -0.987304
   11333,  -0.002380,   0.004822,  -0.998291
   11355,  -0.002869,   0.014222,  -0.994384
   11371,  -0.002991,   0.006531,  -0.982543
   11386,  -0.002625,   0.008362,  -0.991699
   11402,  -0.002991,   0.011536,  -0.985961
   11418,  -0.002747,   0.012269,  -0.983031
   11433,  -0.002747,   0.012757,  -0.992920
   11455,  -0.002747,   0.010804,  -0.996094
   11471,  -0.002869,   0.011658,  -0.997192
   11487,  -0.002625,   0.007508,  -0.985351
   11502,  -0.002747,   0.012391,  -0.987426
   11518,  -0.002747,   0.011903,  -0.987670
   11533,  -0.002625,   0.009827,  -0.989501
   11555,  -0.002747,   0.012025,  -0.989257
   11571,  -0.002747,   0.008973,  -0.991088
   11587,  -0.002869,   0.009583,  -0.988525
   11602,  -0.002747,   0.010804,  -0.987548
   11618,  -0.003113,   0.012513,  -0.989990
   11633,  -0.003113,   0.014100,  -0.989990
   11655,  -0.002869,   0.016175,  -0.987792
   11671,  -0.002869,   0.011781,  -0.992187
   11687,  -0.002991,   0.011048,  -1.003418
   11702,  -0.002869,   0.006287,  -0.990234
   11718,  -0.002747,   0.013245,  -0.985473
   11733,  -0.002747,   0.013245,  -0.992920
   11756,  -0.002869,   0.010560,  -0.990600
   11772,  -0.003357,   0.007996,  -0.982787
   11787,  -0.003113,   0.010193,  -0.979369
   11803,  -0.002991,   0.007630,  -0.992309
   11818,  -0.003113,   0.012757,  -0.989868
   11834,  -0.002747,   0.009461,  -0.980956
   11856,  -0.002747,   0.009705,  -0.987426
   11872,  -0.002380,   0.013368,  -0.986571
   11887,  -0.002258,   0.013001,  -0.992675
   11903,  -0.002503,   0.007874,  -0.992309
   11918,  -0.002503,   0.013001,  -0.991455
   11934,  -0.002747,   0.007752,  -0.999878
   11956,  -0.002869,   0.009461,  -0.994384
   11972,  -0.002991,   0.008240,  -0.988403
   11987,  -0.002869,   0.012269,  -0.991699
   12003,  -0.002991,   0.009583,  -0.991699
   12018,  -0.002869,   0.014710,  -0.982787
   12034,  -0.002380,   0.009827,  -0.993652
   12056,  -0.003235,   0.010316,  -0.998413
   12072,  -0.002991,   0.008851,  -0.995361
   12087,  -0.003113,   0.015199,  -0.989623
   12103,  -0.002380,   0.014100,  -0.993652
   12119,  -0.002747,   0.014710,  -0.994629
   12134,  -0.002869,   0.007508,  -0.988525
   12156,  -0.003113,   0.010804,  -0.992675
   12172,  -0.002869,   0.014955,  -0.992065
   12187,  -0.002869,   0.013490,  -0.996094
   12203,  -0.002991,   0.008973,  -0.984130
   12218,  -0.003235,   0.010560,  -0.987792
   12234,  -0.002991,   0.012269,  -0.991088
   12256,  -0.002747,   0.008240,  -0.988525
   12272,  -0.002503,   0.013368,  -0.984984
   12287,  -0.002014,   0.009095,  -0.987914
   12303,  -0.002503,   0.007752,  -0.986205
   12319,  -0.002869,   0.008729,  -1.004395
   12334,  -0.002747,   0.007264,  -0.995117
   12356,  -0.002869,   0.009583,  -0.994751
   12372,  -0.002380,   0.012757,  -0.988525
   12387,  -0.002503,   0.018129,  -0.986571
   12403,  -0.002625,   0.007508,  -0.990600
   12418,  -0.002747,   0.004212,  -0.990478
   12434,  -0.002991,   0.009095,  -1.001831
   12456,  -0.003235,   0.008118,  -0.989623
   12472,  -0.003113,   0.008240,  -0.989257
   12487,  -0.002747,   0.008973,  -0.986449
   12503,  -0.002747,   0.013856,  -0.991455
   12518,  -0.002625,   0.012147,  -0.996948
   12534,  -0.003235,   0.004212,  -0.990722
   12556,  -0.003113,   0.007874,  -0.999390
   12572,  -0.002747,   0.008606,  -0.989013
   12587,  -0.002991,   0.008729,  -0.985717
   12603,  -0.002869,   0.011781,  -0.988647
   12618,  -0.002991,   0.009583,  -0.992187
   12634,  -0.003235,   0.006287,  -0.989868
   12656,  -0.002869,   0.010316,  -0.990844
   12672,  -0.002991,   0.011170,  -0.987914
   12687,  -0.002869,   0.007752,  -0.989868
   12703,  -0.002991,   0.012635,  -0.992553
   12718,  -0.003235,   0.012391,  -0.987060
   12734,  -0.002869,   0.009705,  -0.993530
   12756,  -0.002991,   0.006287,  -0.990112
   12772,  -0.002869,   0.010071,  -0.990356
   12787,  -0.002991,   0.010926,  -0.988281
